participant_id,group,seniority,ai,senior,quality_score,time_mins,retention_score
1,control,senior,0,1,81.3,44.0,69.1
2,control,senior,0,1,77.2,46.4,74.5
3,ai,junior,1,0,78.4,35.7,51.6
4,control,junior,0,0,72.0,40.0,65.5
5,control,senior,0,1,76.7,36.4,70.8
6,ai,senior,1,1,84.1,34.4,63.5
7,ai,junior,1,0,73.8,41.7,53.8
8,ai,senior,1,1,70.9,34.7,73.7
9,ai,junior,1,0,68.8,35.6,61.3
10,control,junior,0,0,64.7,43.4,62.3
11,ai,junior,1,0,77.3,40.3,64.7
12,ai,junior,1,0,72.8,43.3,50.5
13,ai,senior,1,1,76.5,33.8,74.0
14,control,senior,0,1,79.0,47.2,71.0
15,control,senior,0,1,75.4,45.9,68.2
16,control,junior,0,0,77.5,45.2,67.4
17,ai,junior,1,0,70.8,40.8,53.3
18,ai,junior,1,0,77.5,43.9,64.0
19,ai,junior,1,0,70.3,33.2,60.5
20,ai,junior,1,0,81.3,33.1,56.6
21,control,senior,0,1,83.5,38.1,78.8
22,control,senior,0,1,73.4,38.0,77.8
23,ai,senior,1,1,81.3,38.6,68.9
24,control,senior,0,1,68.4,46.4,72.7
25,ai,junior,1,0,76.4,42.5,64.3
26,ai,junior,1,0,73.8,34.2,48.9
27,control,junior,0,0,66.2,43.3,63.1
28,ai,senior,1,1,87.9,34.9,80.8
29,ai,senior,1,1,80.1,31.5,70.1
30,ai,senior,1,1,82.4,32.8,69.1
31,control,senior,0,1,74.9,43.3,75.8
32,control,senior,0,1,71.9,39.6,71.8
33,control,senior,0,1,69.0,44.3,71.7
34,ai,senior,1,1,70.8,34.9,66.7
35,ai,senior,1,1,82.8,39.0,77.6
36,ai,senior,1,1,85.6,34.3,78.1
37,control,senior,0,1,68.6,43.4,80.5
38,ai,senior,1,1,79.8,39.8,71.9
39,control,junior,0,0,74.4,40.6,58.2
40,ai,junior,1,0,77.2,41.1,65.8
41,control,junior,0,0,76.1,50.2,67.8
42,ai,senior,1,1,85.8,36.2,69.3
43,control,junior,0,0,66.9,50.1,59.7
44,ai,senior,1,1,71.5,35.8,76.1
45,control,junior,0,0,69.4,48.5,59.6
46,ai,senior,1,1,70.9,31.5,70.9
47,control,junior,0,0,75.3,49.4,60.5
48,control,junior,0,0,69.0,45.6,65.3
49,ai,senior,1,1,75.5,29.8,72.1
50,ai,junior,1,0,74.9,39.8,55.9
51,ai,senior,1,1,72.7,39.3,64.2
52,control,senior,0,1,75.0,37.2,80.8
53,ai,senior,1,1,74.1,36.4,73.2
54,ai,junior,1,0,78.5,39.9,62.3
55,control,junior,0,0,70.5,42.1,58.4
56,ai,senior,1,1,74.7,36.1,75.0
57,control,junior,0,0,61.4,44.8,63.1
58,ai,junior,1,0,74.7,34.5,65.0
59,control,senior,0,1,75.3,46.3,82.8
60,control,junior,0,0,75.6,43.7,65.9
61,control,junior,0,0,73.4,46.7,66.8
62,control,junior,0,0,74.8,43.7,68.4
63,control,junior,0,0,68.0,50.5,62.7
64,control,senior,0,1,72.1,42.4,81.1
65,control,junior,0,0,73.4,41.8,62.2
66,control,senior,0,1,70.9,43.6,79.9
67,control,junior,0,0,64.3,50.2,73.2
68,control,senior,0,1,67.3,42.0,82.1
69,control,senior,0,1,74.0,43.4,78.9
70,control,senior,0,1,69.0,37.2,68.2
71,ai,junior,1,0,80.1,40.2,49.5
72,ai,senior,1,1,82.6,31.2,78.4
73,control,junior,0,0,77.0,44.1,58.8
74,control,senior,0,1,74.6,39.3,70.7
75,control,junior,0,0,69.8,47.1,59.0
76,control,junior,0,0,77.5,41.4,58.1
77,ai,senior,1,1,74.3,30.8,80.8
78,control,junior,0,0,67.1,47.8,57.6
79,control,junior,0,0,67.8,42.5,71.1
80,control,senior,0,1,67.5,45.3,73.8
81,control,junior,0,0,69.9,51.4,60.2
82,ai,junior,1,0,77.1,34.5,61.9
83,ai,senior,1,1,81.9,35.2,73.0
84,ai,junior,1,0,74.4,40.9,48.9
85,control,junior,0,0,66.1,40.6,62.9
86,control,junior,0,0,65.5,50.4,65.2
87,ai,junior,1,0,74.1,34.3,63.3
88,ai,senior,1,1,87.9,30.5,71.5
89,control,junior,0,0,69.7,48.1,59.9
90,control,junior,0,0,67.2,42.5,66.3
91,control,senior,0,1,74.7,39.0,75.0
92,ai,junior,1,0,71.5,37.1,52.5
93,control,senior,0,1,78.0,36.8,82.2
94,control,junior,0,0,75.6,40.6,67.6
95,control,senior,0,1,75.2,41.7,74.1
96,control,senior,0,1,78.7,36.0,78.4
97,ai,senior,1,1,83.1,39.2,68.0
98,control,junior,0,0,69.3,40.5,67.2
99,ai,senior,1,1,78.4,37.0,65.2
100,control,junior,0,0,78.0,50.0,65.6
101,ai,junior,1,0,66.1,38.2,56.8
102,control,junior,0,0,72.0,50.2,69.0
103,control,junior,0,0,78.4,49.7,74.2
104,control,senior,0,1,67.6,47.9,66.6
105,ai,junior,1,0,77.2,41.3,53.9
106,control,senior,0,1,82.6,43.9,70.5
107,ai,senior,1,1,83.0,28.6,65.5
108,ai,junior,1,0,71.7,39.6,65.5
109,ai,junior,1,0,78.3,32.2,60.3
110,control,senior,0,1,76.7,46.8,74.4
111,ai,junior,1,0,76.4,35.8,56.4
112,control,junior,0,0,64.1,47.1,58.3
113,control,junior,0,0,68.8,47.2,72.0
114,ai,junior,1,0,68.0,43.7,51.3
115,control,junior,0,0,71.2,46.6,68.3
116,control,junior,0,0,61.0,40.7,58.7
117,control,senior,0,1,66.6,42.3,67.0
118,control,junior,0,0,61.0,44.9,71.9
119,ai,senior,1,1,83.4,35.8,63.9
120,control,junior,0,0,76.3,47.0,64.5
121,control,senior,0,1,76.6,38.3,68.4
122,control,junior,0,0,66.1,51.1,74.0
123,ai,junior,1,0,71.1,40.0,65.6
124,control,junior,0,0,67.2,50.9,66.2
125,control,senior,0,1,68.7,39.8,83.7
126,control,junior,0,0,61.4,47.8,67.9
127,control,senior,0,1,83.3,38.7,83.0
128,ai,junior,1,0,72.0,34.6,53.2
129,control,junior,0,0,66.7,46.1,63.6
130,ai,senior,1,1,80.3,38.8,74.9
131,control,junior,0,0,71.6,50.3,65.0
132,control,senior,0,1,76.6,43.9,77.3
133,ai,senior,1,1,70.1,36.5,69.9
134,ai,senior,1,1,72.3,35.8,68.1
135,ai,senior,1,1,82.6,29.6,75.8
136,ai,senior,1,1,81.2,32.1,69.3
137,control,senior,0,1,80.7,37.0,69.6
138,ai,junior,1,0,80.5,43.4,56.4
139,ai,junior,1,0,76.0,41.0,64.9
140,ai,senior,1,1,72.9,38.8,73.3
141,ai,senior,1,1,85.4,29.1,72.6
142,control,junior,0,0,78.6,46.3,69.2
143,control,junior,0,0,76.9,41.1,61.1
144,control,senior,0,1,78.7,42.4,73.9
145,ai,senior,1,1,76.0,35.7,78.7
146,control,senior,0,1,76.6,41.9,75.3
147,control,junior,0,0,68.4,52.0,61.0
148,ai,senior,1,1,72.8,28.6,65.2
149,ai,junior,1,0,74.5,37.4,54.8
150,control,junior,0,0,68.9,44.2,70.5
151,ai,junior,1,0,69.8,33.4,63.2
152,ai,senior,1,1,87.1,28.5,76.5
153,control,senior,0,1,77.2,46.5,69.4
154,control,senior,0,1,83.5,41.4,73.5
155,ai,senior,1,1,70.9,32.6,71.7
156,ai,senior,1,1,87.3,37.2,67.1
157,ai,senior,1,1,82.4,37.5,80.6
158,control,junior,0,0,65.4,48.5,66.2
159,control,senior,0,1,66.0,46.1,82.3
160,control,senior,0,1,68.4,36.1,83.2
161,control,junior,0,0,62.6,47.6,69.4
162,control,senior,0,1,81.3,38.7,75.5
163,ai,senior,1,1,74.9,38.8,80.9
164,control,senior,0,1,66.6,45.7,66.7
165,control,senior,0,1,83.1,47.4,79.8
166,ai,senior,1,1,75.1,28.8,74.5
167,control,junior,0,0,72.8,47.1,58.2
168,control,junior,0,0,72.2,45.0,71.5
169,ai,senior,1,1,71.8,39.3,66.6
170,ai,junior,1,0,76.0,38.7,55.7
171,ai,senior,1,1,77.7,36.7,64.5
172,control,junior,0,0,72.7,50.5,72.4
173,ai,junior,1,0,67.6,37.5,59.8
174,ai,senior,1,1,87.6,39.1,70.8
175,control,junior,0,0,62.7,46.0,72.6
176,ai,senior,1,1,84.4,32.1,76.0
177,ai,junior,1,0,66.1,43.4,61.3
178,ai,senior,1,1,74.8,32.4,67.9
179,ai,senior,1,1,82.8,29.9,67.6
180,ai,junior,1,0,66.6,40.8,57.9
181,ai,senior,1,1,81.6,35.1,68.4
182,control,junior,0,0,74.3,48.0,65.7
183,ai,junior,1,0,82.7,35.6,55.4
184,ai,senior,1,1,82.2,32.3,66.4
185,control,junior,0,0,71.1,51.9,72.7
186,control,junior,0,0,70.2,44.7,72.4
187,ai,senior,1,1,80.9,28.2,65.3
188,control,senior,0,1,70.3,38.1,72.9
189,control,senior,0,1,78.9,46.3,80.6
190,ai,junior,1,0,71.6,35.1,49.1
191,control,junior,0,0,77.0,45.9,61.5
192,control,junior,0,0,65.9,50.7,71.3
193,control,junior,0,0,70.2,51.0,64.3
194,control,junior,0,0,62.5,50.5,69.9
195,control,senior,0,1,68.1,46.1,73.1
196,control,junior,0,0,68.4,44.4,66.6
197,ai,senior,1,1,87.4,39.5,73.2
198,control,senior,0,1,67.5,46.5,71.2
199,ai,junior,1,0,76.9,35.0,53.5
200,ai,senior,1,1,86.1,39.9,74.6
201,ai,junior,1,0,68.2,38.9,56.3
202,control,senior,0,1,74.8,41.7,74.8
203,control,senior,0,1,78.3,45.7,77.1
204,ai,senior,1,1,73.1,38.5,64.8
205,control,junior,0,0,66.0,40.4,66.0
206,ai,junior,1,0,73.6,34.8,59.2
207,control,junior,0,0,76.1,51.7,60.1
208,ai,junior,1,0,79.2,38.3,49.5
209,ai,senior,1,1,84.5,33.6,65.4
210,ai,junior,1,0,78.1,40.8,65.4
211,ai,junior,1,0,81.4,40.4,63.4
212,ai,senior,1,1,71.1,34.1,74.2
213,ai,junior,1,0,82.4,40.7,65.6
214,ai,junior,1,0,66.3,35.6,57.3
215,control,junior,0,0,74.7,49.0,71.6
216,control,junior,0,0,76.5,47.2,73.3
217,ai,junior,1,0,65.8,36.4,51.6
218,control,senior,0,1,78.2,38.7,80.0
219,ai,senior,1,1,72.6,30.3,80.0
220,control,senior,0,1,71.9,46.8,79.4
221,ai,senior,1,1,73.1,35.0,79.2
222,control,junior,0,0,76.1,48.3,69.9
223,ai,senior,1,1,77.4,30.7,80.3
224,ai,junior,1,0,79.8,36.0,64.3
225,control,junior,0,0,64.3,42.4,66.1
226,control,senior,0,1,81.0,36.8,66.7
227,control,senior,0,1,68.3,43.6,81.7
228,ai,senior,1,1,70.6,30.3,67.4
229,control,junior,0,0,68.1,46.0,63.0
230,control,senior,0,1,70.7,44.3,74.5
231,ai,junior,1,0,74.6,32.8,64.1
232,control,junior,0,0,63.1,41.7,66.9
233,control,senior,0,1,70.2,38.6,74.7
234,ai,senior,1,1,79.4,33.4,64.3
235,ai,junior,1,0,67.4,32.3,53.1
236,ai,senior,1,1,86.6,38.5,74.3
237,ai,junior,1,0,68.9,43.0,51.6
238,control,junior,0,0,70.3,47.4,63.2
239,control,junior,0,0,65.6,45.9,61.1
240,ai,senior,1,1,72.4,33.9,69.1
241,ai,senior,1,1,75.8,30.9,77.1
242,ai,senior,1,1,84.8,35.9,71.2
243,ai,junior,1,0,67.3,34.2,62.9
244,ai,junior,1,0,72.3,41.2,58.3
245,ai,junior,1,0,76.2,36.7,52.3
246,control,junior,0,0,77.8,49.2,71.4
247,control,senior,0,1,69.3,37.5,82.4
248,control,senior,0,1,75.9,39.5,76.9
249,control,senior,0,1,73.5,47.9,81.8
250,control,senior,0,1,75.5,47.0,70.2
251,ai,senior,1,1,77.7,31.4,78.0
252,control,junior,0,0,62.0,51.2,63.1
253,control,senior,0,1,74.7,45.5,79.2
254,control,senior,0,1,69.2,37.2,74.9
255,ai,junior,1,0,75.0,39.2,64.7
256,control,junior,0,0,66.2,41.9,58.0
257,ai,junior,1,0,66.1,32.5,49.4
258,ai,senior,1,1,78.1,29.2,76.3
259,control,senior,0,1,74.5,40.5,67.5
260,control,junior,0,0,62.5,41.9,58.4
261,ai,senior,1,1,83.1,36.6,69.9
262,ai,senior,1,1,83.6,29.4,66.0
263,ai,junior,1,0,72.3,32.8,49.8
264,control,junior,0,0,79.0,45.5,64.6
265,ai,senior,1,1,84.3,36.0,66.2
266,control,junior,0,0,71.9,45.1,62.0
267,control,senior,0,1,69.3,44.0,82.7
268,ai,junior,1,0,68.2,42.9,54.5
269,ai,senior,1,1,76.5,34.1,80.5
270,control,senior,0,1,66.8,37.8,67.7
271,control,junior,0,0,61.5,49.2,70.4
272,control,senior,0,1,77.8,44.8,81.9
273,ai,junior,1,0,72.7,38.1,65.4
274,control,junior,0,0,64.4,45.4,59.8
275,control,junior,0,0,71.2,51.5,61.9
276,ai,junior,1,0,75.1,33.2,50.8
277,control,senior,0,1,83.9,47.5,75.6
278,ai,senior,1,1,78.1,31.0,68.1
279,ai,senior,1,1,87.8,29.6,71.5
280,ai,senior,1,1,86.7,33.1,72.7
281,control,junior,0,0,68.3,48.9,66.9
282,ai,senior,1,1,75.3,29.4,79.6
283,control,junior,0,0,70.1,43.2,62.5
284,control,junior,0,0,64.3,51.3,73.8
285,ai,senior,1,1,85.7,34.5,67.1
286,ai,junior,1,0,82.2,41.1,51.3
287,ai,senior,1,1,73.8,31.2,80.9
288,ai,senior,1,1,72.3,30.3,66.6
289,ai,junior,1,0,69.7,35.8,61.1
290,ai,junior,1,0,74.5,40.4,50.4
291,control,junior,0,0,63.8,49.5,68.8
292,ai,senior,1,1,71.6,39.9,75.5
293,ai,junior,1,0,68.1,35.8,50.1
294,control,senior,0,1,71.5,44.4,74.3
295,ai,senior,1,1,81.2,35.2,75.8
296,control,senior,0,1,71.8,41.7,78.5
297,ai,junior,1,0,75.9,41.3,58.7
298,control,junior,0,0,64.4,40.1,70.1
299,ai,junior,1,0,80.5,38.2,48.1
300,control,junior,0,0,64.7,40.9,73.9
301,ai,senior,1,1,82.0,32.7,69.1
302,ai,junior,1,0,81.1,32.4,63.9
303,ai,senior,1,1,83.6,39.2,72.0
304,control,senior,0,1,81.1,47.7,79.0
305,ai,junior,1,0,81.0,38.1,58.0
306,ai,senior,1,1,85.0,39.6,63.5
307,control,junior,0,0,70.3,48.1,59.5
308,control,senior,0,1,77.5,38.0,67.9
309,ai,senior,1,1,72.6,32.2,77.6
310,ai,junior,1,0,65.5,33.3,64.7
311,ai,junior,1,0,69.3,35.0,52.6
312,control,junior,0,0,78.8,48.0,69.4
313,ai,junior,1,0,73.4,32.9,59.3
314,control,senior,0,1,66.9,47.0,80.5
315,ai,senior,1,1,79.9,36.0,71.8
316,control,senior,0,1,81.0,41.2,68.5
317,control,junior,0,0,73.3,48.6,68.3
318,ai,senior,1,1,75.1,37.7,67.4
319,control,junior,0,0,73.0,42.0,73.1
320,control,junior,0,0,74.7,42.9,72.7
321,control,senior,0,1,69.5,43.7,82.2
322,ai,junior,1,0,70.8,39.5,49.3
323,ai,junior,1,0,66.7,33.5,51.4
324,control,senior,0,1,69.1,45.0,74.0
325,ai,senior,1,1,80.8,36.0,76.0
326,ai,junior,1,0,79.5,33.6,62.3
327,ai,senior,1,1,76.6,35.2,68.7
328,ai,senior,1,1,77.4,36.7,71.5
329,control,junior,0,0,75.3,46.5,73.7
330,control,senior,0,1,81.9,46.8,66.7
331,ai,junior,1,0,72.9,38.6,56.2
332,ai,junior,1,0,71.1,42.8,53.0
333,ai,junior,1,0,74.7,34.3,60.9
334,ai,junior,1,0,76.1,43.1,55.5
335,ai,senior,1,1,75.7,37.0,77.3
336,ai,junior,1,0,69.6,32.5,58.3
337,control,junior,0,0,73.0,49.8,68.7
338,control,senior,0,1,73.0,39.2,81.5
339,ai,senior,1,1,83.1,28.6,76.6
340,control,senior,0,1,74.9,37.4,73.2
341,ai,junior,1,0,82.9,35.1,62.7
342,ai,junior,1,0,78.1,39.7,48.3
343,control,senior,0,1,67.1,38.0,69.7
344,control,junior,0,0,65.5,40.6,57.3
345,control,junior,0,0,76.8,51.3,63.9
346,control,junior,0,0,73.1,42.2,71.1
347,ai,junior,1,0,75.0,35.7,57.8
348,ai,senior,1,1,73.1,36.9,77.8
349,control,junior,0,0,70.5,47.5,67.0
350,control,senior,0,1,69.7,37.5,71.7
351,ai,senior,1,1,71.9,38.8,70.2
352,control,junior,0,0,69.4,50.2,72.7
353,ai,junior,1,0,82.0,42.2,51.5
354,ai,senior,1,1,78.8,36.0,72.2
355,ai,junior,1,0,72.0,37.4,50.4
356,ai,senior,1,1,77.9,29.4,80.5
357,ai,senior,1,1,80.4,28.6,75.0
358,ai,senior,1,1,74.6,36.7,74.8
359,control,senior,0,1,72.5,41.9,68.4
360,control,senior,0,1,67.9,37.5,71.3
361,ai,junior,1,0,77.9,34.7,52.1
362,ai,senior,1,1,86.4,32.4,66.3
363,ai,senior,1,1,83.6,31.6,80.8
364,ai,senior,1,1,85.0,36.2,74.4
365,ai,junior,1,0,65.6,39.7,59.0
366,control,junior,0,0,77.3,50.8,61.1
367,control,senior,0,1,71.0,38.8,67.5
368,control,senior,0,1,68.4,44.3,74.1
369,ai,junior,1,0,75.9,34.2,62.8
370,control,senior,0,1,76.1,41.2,68.8
371,ai,senior,1,1,71.5,35.2,73.1
372,ai,junior,1,0,70.7,33.5,64.7
373,ai,senior,1,1,72.3,31.2,76.9
374,ai,junior,1,0,81.8,43.4,58.2
375,ai,junior,1,0,69.3,38.6,48.2
376,ai,senior,1,1,83.5,39.5,63.9
377,control,senior,0,1,67.8,43.8,67.8
378,control,senior,0,1,78.7,41.5,74.7
379,control,junior,0,0,74.6,46.7,60.4
380,control,junior,0,0,68.1,48.2,66.9
381,ai,senior,1,1,78.7,39.9,80.7
382,ai,junior,1,0,78.2,32.1,49.7
383,ai,senior,1,1,85.8,34.3,79.1
384,ai,senior,1,1,83.9,28.2,70.9
385,ai,junior,1,0,73.6,32.3,59.4
386,ai,senior,1,1,72.4,37.8,72.5
387,control,junior,0,0,67.3,49.9,57.2
388,control,senior,0,1,82.6,39.6,68.8
389,control,junior,0,0,66.9,50.6,73.7
390,control,junior,0,0,70.3,47.6,68.0
391,ai,senior,1,1,75.7,28.9,75.2
392,control,senior,0,1,70.1,45.2,68.5
393,control,junior,0,0,67.9,43.0,74.7
394,ai,junior,1,0,65.6,36.0,51.3
395,control,senior,0,1,81.9,42.7,75.2
396,ai,junior,1,0,74.7,42.5,60.5
397,control,senior,0,1,73.2,36.9,74.7
398,control,junior,0,0,78.5,50.1,66.9
399,control,junior,0,0,76.2,40.8,61.6
400,control,junior,0,0,73.5,45.6,72.4
